{
    "N": 2,
    "w1": 0.003398871341079204,
    "w2": 0.007930699795851476,
    "mean": [0, 0],
    "cov": [
        [1, 0],
        [0, 1]
    ],
    "r0": 5,
    "sigma": 1
}
